TCTGCTT,Species_0,Mutation_0
AGAATTA,Species_1,Mutation_1
ATTCGGA,Species_2,Mutation_2
TATCCTG,Species_3,Mutation_3
TGCTTTA,Species_4,Mutation_4
GATACCC,Species_5,Mutation_0
GTGGCTT,Species_6,Mutation_1
GCGTTCG,Species_7,Mutation_2
CCTGTGT,Species_8,Mutation_3
GCGGTGT,Species_9,Mutation_4
ACCACCT,Species_0,Mutation_0
CCGTCTA,Species_1,Mutation_1
AAGGAGC,Species_2,Mutation_2
CCGCCTC,Species_3,Mutation_3
ATAGGAG,Species_4,Mutation_4
GAGTTGC,Species_5,Mutation_0
TCGGTTG,Species_6,Mutation_1
AGTCATC,Species_7,Mutation_2
CGAGGCT,Species_8,Mutation_3
AGTATTA,Species_9,Mutation_4
ACACACG,Species_0,Mutation_0
GTTAGGG,Species_1,Mutation_1
ATTACTT,Species_2,Mutation_2
ATGTTCG,Species_3,Mutation_3
GAGGGAA,Species_4,Mutation_4
GGGTGAG,Species_5,Mutation_0
GAGCGGG,Species_6,Mutation_1
CGTGTCA,Species_7,Mutation_2
TTTGAAT,Species_8,Mutation_3
AGCCGCT,Species_9,Mutation_4
GGTGGTC,Species_0,Mutation_0
CCGACTA,Species_1,Mutation_1
CCGACCC,Species_2,Mutation_2
TTGGTAC,Species_3,Mutation_3
ACTGGCA,Species_4,Mutation_4
CCCAGCT,Species_5,Mutation_0
CAGGGGT,Species_6,Mutation_1
TACTCCC,Species_7,Mutation_2
AATACGG,Species_8,Mutation_3
TATCCAA,Species_9,Mutation_4
CCAACCA,Species_0,Mutation_0
ACCGCTA,Species_1,Mutation_1
GACTCCC,Species_2,Mutation_2
CGCCCTA,Species_3,Mutation_3
ACAGTCA,Species_4,Mutation_4
ACCGTAA,Species_5,Mutation_0
GCTGTAT,Species_6,Mutation_1
CAAACTT,Species_7,Mutation_2
CGCCGGC,Species_8,Mutation_3
ACGGAAC,Species_9,Mutation_4
CCTGTTC,Species_0,Mutation_0
TATCTAA,Species_1,Mutation_1
AATCAGA,Species_2,Mutation_2
AGTAGAA,Species_3,Mutation_3
AATAAGG,Species_4,Mutation_4
GGTGGAA,Species_5,Mutation_0
TGCTTCT,Species_6,Mutation_1
CATTGAG,Species_7,Mutation_2
CGAGCTA,Species_8,Mutation_3
ACATAGT,Species_9,Mutation_4
GGGCGTG,Species_0,Mutation_0
TCCCGCA,Species_1,Mutation_1
AATACTC,Species_2,Mutation_2
GCCTGGT,Species_3,Mutation_3
TAAACGG,Species_4,Mutation_4
GGTGTGT,Species_5,Mutation_0
GAGGATG,Species_6,Mutation_1
CGCTATA,Species_7,Mutation_2
AGAAAGC,Species_8,Mutation_3
TACAAGG,Species_9,Mutation_4
GGCCCGG,Species_0,Mutation_0
GACCCGC,Species_1,Mutation_1
TCCAAAA,Species_2,Mutation_2
AGACTGG,Species_3,Mutation_3
AAAACTA,Species_4,Mutation_4
AACTCAG,Species_5,Mutation_0
CTCGACG,Species_6,Mutation_1
GTAGAAG,Species_7,Mutation_2
AATCTGG,Species_8,Mutation_3
GCTGGAC,Species_9,Mutation_4
TCACTGG,Species_0,Mutation_0
GGCCCAA,Species_1,Mutation_1
TCGCGAG,Species_2,Mutation_2
CCTTGTT,Species_3,Mutation_3
CTCGCAT,Species_4,Mutation_4
TCTCATC,Species_5,Mutation_0
GCACCCT,Species_6,Mutation_1
TGAACGC,Species_7,Mutation_2
GTGGCGC,Species_8,Mutation_3
ATACCCA,Species_9,Mutation_4
TTCATCT,Species_0,Mutation_0
AAGGTCG,Species_1,Mutation_1
GCCGTGG,Species_2,Mutation_2
CCTTATG,Species_3,Mutation_3
TTTCAGG,Species_4,Mutation_4
ATGCATT,Species_5,Mutation_0
TCTGTCC,Species_6,Mutation_1
GCAGATC,Species_7,Mutation_2
AATGCGC,Species_8,Mutation_3
CCCCACC,Species_9,Mutation_4
TCTATGG,Species_0,Mutation_0
CGCAGAC,Species_1,Mutation_1
GTAGCAC,Species_2,Mutation_2
GATTGCT,Species_3,Mutation_3
CTCCTCT,Species_4,Mutation_4
CATGGTG,Species_5,Mutation_0
ATGCTAA,Species_6,Mutation_1
GTATTCA,Species_7,Mutation_2
TCGCTAA,Species_8,Mutation_3
GCTGGTG,Species_9,Mutation_4
ACCCACT,Species_0,Mutation_0
ATCGTGC,Species_1,Mutation_1
ATAGGAG,Species_2,Mutation_2
CCACGCG,Species_3,Mutation_3
GCTTAAA,Species_4,Mutation_4
TCCTCCA,Species_5,Mutation_0
CGCGGGA,Species_6,Mutation_1
CTGCTCA,Species_7,Mutation_2
TCTGTAC,Species_8,Mutation_3
TGGGGGG,Species_9,Mutation_4
CAATTGT,Species_0,Mutation_0
ATCCAGT,Species_1,Mutation_1
CTGGTAA,Species_2,Mutation_2
TCCTCAA,Species_3,Mutation_3
TCCCGTC,Species_4,Mutation_4
GGGGTTT,Species_5,Mutation_0
TACCATC,Species_6,Mutation_1
GTCACCG,Species_7,Mutation_2
GTATGAT,Species_8,Mutation_3
TTTATTG,Species_9,Mutation_4
CGAGCCA,Species_0,Mutation_0
ATCCCGA,Species_1,Mutation_1
AAAGTGG,Species_2,Mutation_2
CGCAGGC,Species_3,Mutation_3
TAGATTT,Species_4,Mutation_4
GTGTTCC,Species_5,Mutation_0
TGATAGT,Species_6,Mutation_1
TCAAGTC,Species_7,Mutation_2
GGTAACC,Species_8,Mutation_3
AAATAGC,Species_9,Mutation_4
CCACTAG,Species_0,Mutation_0
GTCTCTG,Species_1,Mutation_1
TGACCCC,Species_2,Mutation_2
ATTCGCA,Species_3,Mutation_3
CCCGGAA,Species_4,Mutation_4
AAACGGG,Species_5,Mutation_0
AGTGATC,Species_6,Mutation_1
TTGGCTA,Species_7,Mutation_2
AGAACTC,Species_8,Mutation_3
TTTATCG,Species_9,Mutation_4
CAGTCTT,Species_0,Mutation_0
GTCTGAG,Species_1,Mutation_1
CGATGAT,Species_2,Mutation_2
AGCTGAA,Species_3,Mutation_3
TCCTGGT,Species_4,Mutation_4
AGTTGCG,Species_5,Mutation_0
CCGTCGA,Species_6,Mutation_1
ATTGTGC,Species_7,Mutation_2
TAACCCT,Species_8,Mutation_3
GATACGA,Species_9,Mutation_4
AGCTACG,Species_0,Mutation_0
TGAGCTA,Species_1,Mutation_1
CGGATTC,Species_2,Mutation_2
TTCTGAA,Species_3,Mutation_3
AATAAAG,Species_4,Mutation_4
TGGGCTC,Species_5,Mutation_0
AGCAGCG,Species_6,Mutation_1
TCAGGGT,Species_7,Mutation_2
TAACGGT,Species_8,Mutation_3
ACCCTGT,Species_9,Mutation_4
CTGACGC,Species_0,Mutation_0
TATTTTT,Species_1,Mutation_1
GTGGTCT,Species_2,Mutation_2
CCTAGAT,Species_3,Mutation_3
GGCGGAG,Species_4,Mutation_4
AAAGGTG,Species_5,Mutation_0
CGATTAA,Species_6,Mutation_1
ACGCCCT,Species_7,Mutation_2
CGCAGTC,Species_8,Mutation_3
GCTATGC,Species_9,Mutation_4
ACATACT,Species_0,Mutation_0
GATTGCG,Species_1,Mutation_1
GGTCTTA,Species_2,Mutation_2
CGGGAGA,Species_3,Mutation_3
AATGAGG,Species_4,Mutation_4
CTAGCCC,Species_5,Mutation_0
TATGCAC,Species_6,Mutation_1
CTCTAGC,Species_7,Mutation_2
CATGTTC,Species_8,Mutation_3
TTATCGT,Species_9,Mutation_4
CAAACTT,Species_0,Mutation_0
GCGTTTA,Species_1,Mutation_1
TCAAGGA,Species_2,Mutation_2
TTAAATC,Species_3,Mutation_3
TTGCGCG,Species_4,Mutation_4
CTGCGGA,Species_5,Mutation_0
TAACTAC,Species_6,Mutation_1
TGAATGC,Species_7,Mutation_2
ACCAAAT,Species_8,Mutation_3
AACCTAA,Species_9,Mutation_4
GGCTTGC,Species_0,Mutation_0
CCGTGCA,Species_1,Mutation_1
AAGTATT,Species_2,Mutation_2
CCTCAAT,Species_3,Mutation_3
GTCACCA,Species_4,Mutation_4
CTAGAAG,Species_5,Mutation_0
TGGAAGA,Species_6,Mutation_1
GACATGT,Species_7,Mutation_2
AATCCTT,Species_8,Mutation_3
GGGGCGG,Species_9,Mutation_4
TGTTTTT,Species_0,Mutation_0
CAGCCAC,Species_1,Mutation_1
TGTTGGT,Species_2,Mutation_2
TCTTAGG,Species_3,Mutation_3
TAGGGAC,Species_4,Mutation_4
TTCACCC,Species_5,Mutation_0
GTATAAC,Species_6,Mutation_1
GACATGT,Species_7,Mutation_2
TCGCCAC,Species_8,Mutation_3
GTGACCT,Species_9,Mutation_4
GGGATAT,Species_0,Mutation_0
GACAAGT,Species_1,Mutation_1
CTAATTT,Species_2,Mutation_2
TTAGAGC,Species_3,Mutation_3
CTCCGTA,Species_4,Mutation_4
CTCTGTT,Species_5,Mutation_0
GTTAGAG,Species_6,Mutation_1
CAGGACT,Species_7,Mutation_2
CTTTGTA,Species_8,Mutation_3
CTCTGTC,Species_9,Mutation_4
GGAGATT,Species_0,Mutation_0
AGGGATG,Species_1,Mutation_1
GGGAAGA,Species_2,Mutation_2
TTAACGC,Species_3,Mutation_3
TAATACT,Species_4,Mutation_4
CTTATAC,Species_5,Mutation_0
TGTCCAT,Species_6,Mutation_1
GTACCTT,Species_7,Mutation_2
GACTCCC,Species_8,Mutation_3
TACCATG,Species_9,Mutation_4
GAATGCC,Species_0,Mutation_0
TATCCGC,Species_1,Mutation_1
GATAGCT,Species_2,Mutation_2
GTACATG,Species_3,Mutation_3
TTCAAAC,Species_4,Mutation_4
GAAGGTG,Species_5,Mutation_0
CCTTGGC,Species_6,Mutation_1
GTGCCCA,Species_7,Mutation_2
TAGCGCG,Species_8,Mutation_3
GCGCGGA,Species_9,Mutation_4
GGTCTAA,Species_0,Mutation_0
ATAATCC,Species_1,Mutation_1
CTTTAGA,Species_2,Mutation_2
AATGTAT,Species_3,Mutation_3
GCCTTCA,Species_4,Mutation_4
GCCTGAG,Species_5,Mutation_0
ACAGCAA,Species_6,Mutation_1
GCGCCGT,Species_7,Mutation_2
AAATCCA,Species_8,Mutation_3
TCGAAGG,Species_9,Mutation_4
CTGGAAA,Species_0,Mutation_0
ACGTCGC,Species_1,Mutation_1
AGGGAAT,Species_2,Mutation_2
CTCAGAA,Species_3,Mutation_3
CCAATCG,Species_4,Mutation_4
GGGCCTG,Species_5,Mutation_0
GTCCATC,Species_6,Mutation_1
CTCGCCA,Species_7,Mutation_2
ACGTGCA,Species_8,Mutation_3
GGCGCCG,Species_9,Mutation_4
TCTAGGT,Species_0,Mutation_0
CATAGGA,Species_1,Mutation_1
TTTAATT,Species_2,Mutation_2
AACCCAG,Species_3,Mutation_3
ATATACG,Species_4,Mutation_4
GTACGTA,Species_5,Mutation_0
ACGTTTG,Species_6,Mutation_1
AGATCTG,Species_7,Mutation_2
AAGGCAA,Species_8,Mutation_3
TCGAGAG,Species_9,Mutation_4
CCCTAGC,Species_0,Mutation_0
CTGTTTG,Species_1,Mutation_1
CCGGGAA,Species_2,Mutation_2
GTGGAGT,Species_3,Mutation_3
AGTTGGG,Species_4,Mutation_4
TTATCCC,Species_5,Mutation_0
ATACCTT,Species_6,Mutation_1
CCTATAC,Species_7,Mutation_2
TTACAAG,Species_8,Mutation_3
TGCCTGT,Species_9,Mutation_4
CACAGTA,Species_0,Mutation_0
TCTCCCA,Species_1,Mutation_1
TATTTGA,Species_2,Mutation_2
CTGGCCG,Species_3,Mutation_3
TTCTGTA,Species_4,Mutation_4
TCACAAT,Species_5,Mutation_0
CTGAAAT,Species_6,Mutation_1
GCCTGTT,Species_7,Mutation_2
CTAGTCA,Species_8,Mutation_3
ACCATGT,Species_9,Mutation_4
GTCCAGG,Species_0,Mutation_0
AGTTGAC,Species_1,Mutation_1
ACATTAG,Species_2,Mutation_2
GTGCCTT,Species_3,Mutation_3
TTCTGTT,Species_4,Mutation_4
GCGCGTG,Species_5,Mutation_0
GGAGGGG,Species_6,Mutation_1
AAGAAGG,Species_7,Mutation_2
TTCGGAC,Species_8,Mutation_3
ACCAAAG,Species_9,Mutation_4
GCTCGGA,Species_0,Mutation_0
ATAACCC,Species_1,Mutation_1
TTACCGC,Species_2,Mutation_2
CGAGGGT,Species_3,Mutation_3
AGAAATT,Species_4,Mutation_4
ATCAGGT,Species_5,Mutation_0
AGGTACC,Species_6,Mutation_1
ACAGAGA,Species_7,Mutation_2
GGCGGCT,Species_8,Mutation_3
TTCAGTA,Species_9,Mutation_4
CCAGCGT,Species_0,Mutation_0
GATTTCG,Species_1,Mutation_1
ATGAAGC,Species_2,Mutation_2
TGCACGG,Species_3,Mutation_3
GTGGCCC,Species_4,Mutation_4
TGCCGTC,Species_5,Mutation_0
CGCGATA,Species_6,Mutation_1
ACTCGAG,Species_7,Mutation_2
TTATCCA,Species_8,Mutation_3
GACCGGC,Species_9,Mutation_4
CGGCTTG,Species_0,Mutation_0
GCACAAG,Species_1,Mutation_1
AGGGGGA,Species_2,Mutation_2
GAGTGTC,Species_3,Mutation_3
TAAGATG,Species_4,Mutation_4
ACTGCAG,Species_5,Mutation_0
TGTTCCA,Species_6,Mutation_1
GGCCCGT,Species_7,Mutation_2
TATGTTA,Species_8,Mutation_3
GTTTGCC,Species_9,Mutation_4
CTCCACT,Species_0,Mutation_0
CAGTAGT,Species_1,Mutation_1
ACAAATG,Species_2,Mutation_2
GCCGGTG,Species_3,Mutation_3
AATACGG,Species_4,Mutation_4
TCGCAAT,Species_5,Mutation_0
ATTTAGC,Species_6,Mutation_1
CGGTGTG,Species_7,Mutation_2
TCGCGTC,Species_8,Mutation_3
CAGTCTA,Species_9,Mutation_4
GGTTACA,Species_0,Mutation_0
TTAAGGC,Species_1,Mutation_1
ACGCGAG,Species_2,Mutation_2
GTGCCAA,Species_3,Mutation_3
GTCTTAG,Species_4,Mutation_4
ATATCGA,Species_5,Mutation_0
TACCATC,Species_6,Mutation_1
GCGACAC,Species_7,Mutation_2
TGGCATA,Species_8,Mutation_3
CTTTTGT,Species_9,Mutation_4
CACTACC,Species_0,Mutation_0
AGGACAA,Species_1,Mutation_1
CCTATAA,Species_2,Mutation_2
GTGGAAG,Species_3,Mutation_3
TCTGCTG,Species_4,Mutation_4
GAGCTCC,Species_5,Mutation_0
GAGATGT,Species_6,Mutation_1
CTCCCGT,Species_7,Mutation_2
ATGGCGA,Species_8,Mutation_3
GGCGAAC,Species_9,Mutation_4
GCGCCCA,Species_0,Mutation_0
TGCGAAA,Species_1,Mutation_1
ATAGGTG,Species_2,Mutation_2
GTCCGAC,Species_3,Mutation_3
TAGGTCT,Species_4,Mutation_4
TCCACCT,Species_5,Mutation_0
TATACGC,Species_6,Mutation_1
GGATCGG,Species_7,Mutation_2
GTTTATT,Species_8,Mutation_3
ATCGCTA,Species_9,Mutation_4
AGCAGTC,Species_0,Mutation_0
ACTGTTA,Species_1,Mutation_1
TTCAACC,Species_2,Mutation_2
AAGATAT,Species_3,Mutation_3
CTAATTG,Species_4,Mutation_4
TACACAG,Species_5,Mutation_0
GCAAGGC,Species_6,Mutation_1
ATAAACG,Species_7,Mutation_2
CCACTAG,Species_8,Mutation_3
GGGATGT,Species_9,Mutation_4
TGGGGTG,Species_0,Mutation_0
TAGAGAT,Species_1,Mutation_1
TGTGTAT,Species_2,Mutation_2
ACAGTTC,Species_3,Mutation_3
ATAGTCA,Species_4,Mutation_4
TGGCCCT,Species_5,Mutation_0
GAGTATT,Species_6,Mutation_1
TGGTCAA,Species_7,Mutation_2
GACTGCG,Species_8,Mutation_3
CTACGAG,Species_9,Mutation_4
CTACTCT,Species_0,Mutation_0
TCACTAG,Species_1,Mutation_1
TAACGCC,Species_2,Mutation_2
TGAGTTC,Species_3,Mutation_3
ATCCTCT,Species_4,Mutation_4
TAGGATC,Species_5,Mutation_0
GCGAGCC,Species_6,Mutation_1
TGTACTC,Species_7,Mutation_2
ATAGGCG,Species_8,Mutation_3
CTAAATC,Species_9,Mutation_4
TGCCGAA,Species_0,Mutation_0
AAAGACC,Species_1,Mutation_1
ATTCAAA,Species_2,Mutation_2
ACCGATT,Species_3,Mutation_3
GCAGGGT,Species_4,Mutation_4
CATAATT,Species_5,Mutation_0
GTTTGGT,Species_6,Mutation_1
TCAAGAA,Species_7,Mutation_2
TCGCGAT,Species_8,Mutation_3
TCAGGGT,Species_9,Mutation_4
TATAATT,Species_0,Mutation_0
CCGCACA,Species_1,Mutation_1
AGACGAA,Species_2,Mutation_2
GTCTGAG,Species_3,Mutation_3
CAAAAAA,Species_4,Mutation_4
GGGGGTA,Species_5,Mutation_0
TTACTAT,Species_6,Mutation_1
TGGTAGT,Species_7,Mutation_2
TTATACC,Species_8,Mutation_3
TACGAAG,Species_9,Mutation_4
TGCAGAC,Species_0,Mutation_0
CGAGATC,Species_1,Mutation_1
TGCGGTC,Species_2,Mutation_2
AGAGAAG,Species_3,Mutation_3
GTCGGCC,Species_4,Mutation_4
TCAGGCG,Species_5,Mutation_0
TGCGAAA,Species_6,Mutation_1
GACTTGG,Species_7,Mutation_2
TACCTCT,Species_8,Mutation_3
AGCCAAA,Species_9,Mutation_4
AAATTGT,Species_0,Mutation_0
CCATAAG,Species_1,Mutation_1
GAGGCAA,Species_2,Mutation_2
TGGTGTA,Species_3,Mutation_3
AGAACGA,Species_4,Mutation_4
CTCAGCA,Species_5,Mutation_0
TCAAGAA,Species_6,Mutation_1
CTGGACT,Species_7,Mutation_2
GCTTTGC,Species_8,Mutation_3
TGCTTTG,Species_9,Mutation_4
CTGCCAT,Species_0,Mutation_0
AAACGTG,Species_1,Mutation_1
CGAATGA,Species_2,Mutation_2
CTCTTAG,Species_3,Mutation_3
TTTTCAT,Species_4,Mutation_4
GATCGAA,Species_5,Mutation_0
CTTAGGA,Species_6,Mutation_1
TGCAATT,Species_7,Mutation_2
GCCTGGA,Species_8,Mutation_3
GTCTCTT,Species_9,Mutation_4
GGTCAAA,Species_0,Mutation_0
GACCTTG,Species_1,Mutation_1
TAGATAA,Species_2,Mutation_2
GGTTATA,Species_3,Mutation_3
TCTGAGA,Species_4,Mutation_4
ATAGTGG,Species_5,Mutation_0
GGTTAGT,Species_6,Mutation_1
GACTTTT,Species_7,Mutation_2
TGGAACG,Species_8,Mutation_3
CCATGTC,Species_9,Mutation_4
ACAGAAA,Species_0,Mutation_0
CCCGCAA,Species_1,Mutation_1
GCTTTTT,Species_2,Mutation_2
GTGCGCA,Species_3,Mutation_3
TACTAGG,Species_4,Mutation_4
GTGACGT,Species_5,Mutation_0
GTCAGGC,Species_6,Mutation_1
GCTGTCG,Species_7,Mutation_2
ATCTTGA,Species_8,Mutation_3
GGTCATA,Species_9,Mutation_4
AAAAAAG,Species_0,Mutation_0
TTACTGT,Species_1,Mutation_1
GTGTAGT,Species_2,Mutation_2
CGTGTTG,Species_3,Mutation_3
TTTGTAT,Species_4,Mutation_4
CTTCCTT,Species_5,Mutation_0
ATCACTG,Species_6,Mutation_1
CAACACC,Species_7,Mutation_2
AATTCAA,Species_8,Mutation_3
AGCGAGT,Species_9,Mutation_4
GGTAGTG,Species_0,Mutation_0
CGTAGCA,Species_1,Mutation_1
CGAGCAG,Species_2,Mutation_2
TGGCAGA,Species_3,Mutation_3
TTTACTC,Species_4,Mutation_4
ACGCTTA,Species_5,Mutation_0
CTCTATG,Species_6,Mutation_1
GGGCATC,Species_7,Mutation_2
AATGCCC,Species_8,Mutation_3
CATGCCG,Species_9,Mutation_4
AACTGTT,Species_0,Mutation_0
GCGTCGT,Species_1,Mutation_1
GACGCAT,Species_2,Mutation_2
CTCACGA,Species_3,Mutation_3
TACCGTG,Species_4,Mutation_4
TAGGGTC,Species_5,Mutation_0
TGTACGG,Species_6,Mutation_1
GCCCCCG,Species_7,Mutation_2
GTAACCG,Species_8,Mutation_3
TCTGCCA,Species_9,Mutation_4
TTGGGCT,Species_0,Mutation_0
GCTGTTA,Species_1,Mutation_1
GAGTGAA,Species_2,Mutation_2
GGGAACC,Species_3,Mutation_3
ACTGCGG,Species_4,Mutation_4
TTCGCGA,Species_5,Mutation_0
TCATATT,Species_6,Mutation_1
TTATTAG,Species_7,Mutation_2
GCTCTTA,Species_8,Mutation_3
CTTTCAT,Species_9,Mutation_4
GGTCTAG,Species_0,Mutation_0
CCCGGAA,Species_1,Mutation_1
AGATATC,Species_2,Mutation_2
TCCGAAG,Species_3,Mutation_3
GGGTCGC,Species_4,Mutation_4
TCTATGG,Species_5,Mutation_0
TTACAAC,Species_6,Mutation_1
GCCTGCT,Species_7,Mutation_2
CTGCGTA,Species_8,Mutation_3
TTCTGAG,Species_9,Mutation_4
ACCCACG,Species_0,Mutation_0
CGTTCAG,Species_1,Mutation_1
TCGTGCA,Species_2,Mutation_2
ACTGTGG,Species_3,Mutation_3
ATGTATG,Species_4,Mutation_4
GTGTAGA,Species_5,Mutation_0
GGGTGTC,Species_6,Mutation_1
CTTCACT,Species_7,Mutation_2
AAAGCCC,Species_8,Mutation_3
GGGCTGT,Species_9,Mutation_4
GCTCGGG,Species_0,Mutation_0
GGAAATC,Species_1,Mutation_1
CCGATTG,Species_2,Mutation_2
GAGTCCG,Species_3,Mutation_3
TAAGATA,Species_4,Mutation_4
GGTGTCG,Species_5,Mutation_0
GGATATC,Species_6,Mutation_1
CATCCAC,Species_7,Mutation_2
TTTGCGG,Species_8,Mutation_3
ACCTCGC,Species_9,Mutation_4
AAAGAGG,Species_0,Mutation_0
ACTCTGG,Species_1,Mutation_1
TCGAACG,Species_2,Mutation_2
CGTGGTA,Species_3,Mutation_3
ATTTTAT,Species_4,Mutation_4
ATACGGC,Species_5,Mutation_0
TCTTCTT,Species_6,Mutation_1
GTGGCAT,Species_7,Mutation_2
TTAACCA,Species_8,Mutation_3
GTGTGTC,Species_9,Mutation_4
GGCTAAG,Species_0,Mutation_0
TGGAATT,Species_1,Mutation_1
GGGTTAT,Species_2,Mutation_2
CTGGCAT,Species_3,Mutation_3
ACATCTC,Species_4,Mutation_4
CTAGTCT,Species_5,Mutation_0
ACGCGGC,Species_6,Mutation_1
TCGCTGT,Species_7,Mutation_2
AGCTCGT,Species_8,Mutation_3
CATACGG,Species_9,Mutation_4
CGATATC,Species_0,Mutation_0
TTGTCAG,Species_1,Mutation_1
CAACGAA,Species_2,Mutation_2
ACAACCT,Species_3,Mutation_3
CGCTAGT,Species_4,Mutation_4
CTTCGTC,Species_5,Mutation_0
CTCCGAA,Species_6,Mutation_1
GAGGTGC,Species_7,Mutation_2
TTAGTCG,Species_8,Mutation_3
CGGATGG,Species_9,Mutation_4
CTTAGCA,Species_0,Mutation_0
GGACAGA,Species_1,Mutation_1
CTTAGCT,Species_2,Mutation_2
GAAAGCA,Species_3,Mutation_3
TTGCACC,Species_4,Mutation_4
CTTAAAC,Species_5,Mutation_0
GATCTGA,Species_6,Mutation_1
GTCCCGA,Species_7,Mutation_2
GGGCGAA,Species_8,Mutation_3
TGTAAGA,Species_9,Mutation_4
GCGACTA,Species_0,Mutation_0
CCCGGGC,Species_1,Mutation_1
GCTGCAC,Species_2,Mutation_2
GCTCCTC,Species_3,Mutation_3
GGCAGAA,Species_4,Mutation_4
ATACTGG,Species_5,Mutation_0
TAGCCTT,Species_6,Mutation_1
ATATTGT,Species_7,Mutation_2
ACTCGGT,Species_8,Mutation_3
GTCGCAC,Species_9,Mutation_4
GGCGCCG,Species_0,Mutation_0
ACTATAT,Species_1,Mutation_1
CAGGATC,Species_2,Mutation_2
GATCCGC,Species_3,Mutation_3
TAATCAG,Species_4,Mutation_4
TAGTGCA,Species_5,Mutation_0
GAGTCAA,Species_6,Mutation_1
TACACGG,Species_7,Mutation_2
GCACTAC,Species_8,Mutation_3
CGTAGCA,Species_9,Mutation_4
GACTTCA,Species_0,Mutation_0
GTATAAC,Species_1,Mutation_1
AAAGAGC,Species_2,Mutation_2
TTTATGG,Species_3,Mutation_3
GCCGTGG,Species_4,Mutation_4
TGACGTT,Species_5,Mutation_0
GATAGGT,Species_6,Mutation_1
GAGGCGG,Species_7,Mutation_2
CCTGTAT,Species_8,Mutation_3
CGAAGAT,Species_9,Mutation_4
TACTAGC,Species_0,Mutation_0
AAGTGCT,Species_1,Mutation_1
GACGCAG,Species_2,Mutation_2
AACATGT,Species_3,Mutation_3
TCTTTTA,Species_4,Mutation_4
CGAGAAG,Species_5,Mutation_0
GTTGCTG,Species_6,Mutation_1
ACCTCAA,Species_7,Mutation_2
TTATACC,Species_8,Mutation_3
CGTCAGC,Species_9,Mutation_4
TTAGTTT,Species_0,Mutation_0
ATAAGAT,Species_1,Mutation_1
GGCTCTA,Species_2,Mutation_2
ATACCCC,Species_3,Mutation_3
AGAAGCT,Species_4,Mutation_4
GAGGGAA,Species_5,Mutation_0
CCGTGTC,Species_6,Mutation_1
ACCACTG,Species_7,Mutation_2
CTGTAGA,Species_8,Mutation_3
CCTAGGT,Species_9,Mutation_4
TCTCGAG,Species_0,Mutation_0
GAGTTAG,Species_1,Mutation_1
GCACGGC,Species_2,Mutation_2
GACTGTC,Species_3,Mutation_3
CAGAGCG,Species_4,Mutation_4
TAAAGCG,Species_5,Mutation_0
TGTCCCA,Species_6,Mutation_1
GTTCCCA,Species_7,Mutation_2
GCACGGT,Species_8,Mutation_3
CCGGAGT,Species_9,Mutation_4
GTTTGAT,Species_0,Mutation_0
ACCCACT,Species_1,Mutation_1
CATTCAA,Species_2,Mutation_2
TTGCGGC,Species_3,Mutation_3
GTCTACC,Species_4,Mutation_4
TTCTTTG,Species_5,Mutation_0
CAATCTA,Species_6,Mutation_1
TGCGGCT,Species_7,Mutation_2
ACTATCT,Species_8,Mutation_3
TTGATCG,Species_9,Mutation_4
CTCGCAC,Species_0,Mutation_0
GCTGAAA,Species_1,Mutation_1
GACAAAA,Species_2,Mutation_2
GGACAGA,Species_3,Mutation_3
TCTAAAC,Species_4,Mutation_4
GACGGAT,Species_5,Mutation_0
GTGATAG,Species_6,Mutation_1
CGTACAA,Species_7,Mutation_2
TCCACAC,Species_8,Mutation_3
ATGAATA,Species_9,Mutation_4
CCCGATA,Species_0,Mutation_0
AGGCAAT,Species_1,Mutation_1
TTTAGCA,Species_2,Mutation_2
AGAAACG,Species_3,Mutation_3
ATGCCAA,Species_4,Mutation_4
GTCCCGC,Species_5,Mutation_0
GAATACA,Species_6,Mutation_1
TGCCCAA,Species_7,Mutation_2
CCAGTCG,Species_8,Mutation_3
CGTCATC,Species_9,Mutation_4
CGGTTCA,Species_0,Mutation_0
GCTCGTA,Species_1,Mutation_1
GCACTTG,Species_2,Mutation_2
TTGCAAC,Species_3,Mutation_3
ATGACAA,Species_4,Mutation_4
ATCTAAG,Species_5,Mutation_0
ACAGAGT,Species_6,Mutation_1
TGAGTGT,Species_7,Mutation_2
GATCGGA,Species_8,Mutation_3
TCTGGCG,Species_9,Mutation_4
CGCGCAT,Species_0,Mutation_0
CACGGGC,Species_1,Mutation_1
GATAGGA,Species_2,Mutation_2
TATCGCT,Species_3,Mutation_3
TTTTGAT,Species_4,Mutation_4
TGAACCC,Species_5,Mutation_0
TGTAACA,Species_6,Mutation_1
TACAAAG,Species_7,Mutation_2
TACAGCG,Species_8,Mutation_3
CTAACTA,Species_9,Mutation_4
GCACTGC,Species_0,Mutation_0
GCCGTCA,Species_1,Mutation_1
GTAGGCC,Species_2,Mutation_2
AGCTTGC,Species_3,Mutation_3
GACAGGT,Species_4,Mutation_4
GTACTAA,Species_5,Mutation_0
GTCACTA,Species_6,Mutation_1
CACGACA,Species_7,Mutation_2
GACAGCA,Species_8,Mutation_3
AGCATAT,Species_9,Mutation_4
GCGGTCG,Species_0,Mutation_0
GTTTCTT,Species_1,Mutation_1
TTATACC,Species_2,Mutation_2
AATAGTG,Species_3,Mutation_3
ACATGAG,Species_4,Mutation_4
TTACGTG,Species_5,Mutation_0
AGGTTGC,Species_6,Mutation_1
AAAGCTA,Species_7,Mutation_2
TGCGGAA,Species_8,Mutation_3
ATCTTCT,Species_9,Mutation_4
GGGGGGA,Species_0,Mutation_0
GCATGAC,Species_1,Mutation_1
GTAATAC,Species_2,Mutation_2
CACGGTC,Species_3,Mutation_3
GATCTAG,Species_4,Mutation_4
ATTTCAC,Species_5,Mutation_0
GTAGCGT,Species_6,Mutation_1
ACGGGAA,Species_7,Mutation_2
CATCCTG,Species_8,Mutation_3
CGTCCGA,Species_9,Mutation_4
ATACGCG,Species_0,Mutation_0
GGATCGG,Species_1,Mutation_1
ATAATTC,Species_2,Mutation_2
TTGGAAG,Species_3,Mutation_3
CAACCTT,Species_4,Mutation_4
CTATCCG,Species_5,Mutation_0
TCTCGCG,Species_6,Mutation_1
GTCGCAG,Species_7,Mutation_2
CTGGTCG,Species_8,Mutation_3
ACCGTGC,Species_9,Mutation_4
CAAGCGC,Species_0,Mutation_0
TCGTGCC,Species_1,Mutation_1
GGATGGA,Species_2,Mutation_2
CAGGATA,Species_3,Mutation_3
CTAGTAT,Species_4,Mutation_4
GTCGCCT,Species_5,Mutation_0
GGTAGAG,Species_6,Mutation_1
CCCCGCA,Species_7,Mutation_2
CAAAGCA,Species_8,Mutation_3
CGCGTCG,Species_9,Mutation_4
ACTCATA,Species_0,Mutation_0
TTTATGC,Species_1,Mutation_1
GAGTGAT,Species_2,Mutation_2
GACTACT,Species_3,Mutation_3
ACCCATC,Species_4,Mutation_4
GTTCCTT,Species_5,Mutation_0
GATCTGT,Species_6,Mutation_1
GAAATTC,Species_7,Mutation_2
TCCGCAT,Species_8,Mutation_3
TGCCCGG,Species_9,Mutation_4
CCTTGTG,Species_0,Mutation_0
GGAGTGC,Species_1,Mutation_1
CCTTGAT,Species_2,Mutation_2
TCCATGA,Species_3,Mutation_3
ATCACGA,Species_4,Mutation_4
TCCTATC,Species_5,Mutation_0
TAATGGA,Species_6,Mutation_1
ATAAGCC,Species_7,Mutation_2
TATGGTA,Species_8,Mutation_3
CCCGGTT,Species_9,Mutation_4
ATGACCC,Species_0,Mutation_0
TAGGGGA,Species_1,Mutation_1
ATCTTCA,Species_2,Mutation_2
CGCTACC,Species_3,Mutation_3
CCGGTTG,Species_4,Mutation_4
TGTGGTG,Species_5,Mutation_0
TGGCAGA,Species_6,Mutation_1
TACCTCA,Species_7,Mutation_2
TCGCGCT,Species_8,Mutation_3
TATTGTC,Species_9,Mutation_4
CGTCAAT,Species_0,Mutation_0
ATGCCCC,Species_1,Mutation_1
CACGCTG,Species_2,Mutation_2
GCGCGAA,Species_3,Mutation_3
CCATAAT,Species_4,Mutation_4
TCTCCGT,Species_5,Mutation_0
AGTTCCA,Species_6,Mutation_1
GCTTGGC,Species_7,Mutation_2
AGAAGAG,Species_8,Mutation_3
TGTACTT,Species_9,Mutation_4
TTACCCT,Species_0,Mutation_0
TCGGCTC,Species_1,Mutation_1
GCTAAAG,Species_2,Mutation_2
CCAAGAA,Species_3,Mutation_3
TATGCCC,Species_4,Mutation_4
CTTCCTA,Species_5,Mutation_0
TCGGACG,Species_6,Mutation_1
TCTTAAT,Species_7,Mutation_2
AAGCTCG,Species_8,Mutation_3
CGCTCCC,Species_9,Mutation_4
GTGGAAT,Species_0,Mutation_0
GTATTAA,Species_1,Mutation_1
CATGTCT,Species_2,Mutation_2
TTGTTCT,Species_3,Mutation_3
ATAATCC,Species_4,Mutation_4
TTCTGCG,Species_5,Mutation_0
ATGATAC,Species_6,Mutation_1
TCATACA,Species_7,Mutation_2
AGTAGAT,Species_8,Mutation_3
GTGGTTT,Species_9,Mutation_4
TTTCCGA,Species_0,Mutation_0
ATCGAGC,Species_1,Mutation_1
ACCCGTG,Species_2,Mutation_2
AGTAGTA,Species_3,Mutation_3
CATAGGT,Species_4,Mutation_4
GTTAGCT,Species_5,Mutation_0
GTCCGAG,Species_6,Mutation_1
GCACCGA,Species_7,Mutation_2
CGTGTGA,Species_8,Mutation_3
ACATGTA,Species_9,Mutation_4
CCTACGC,Species_0,Mutation_0
GACGCGA,Species_1,Mutation_1
GGTACTC,Species_2,Mutation_2
CTCCGAA,Species_3,Mutation_3
CGATTGA,Species_4,Mutation_4
ATCGTCA,Species_5,Mutation_0
TAGTTGA,Species_6,Mutation_1
TCCAGAC,Species_7,Mutation_2
GTATGAC,Species_8,Mutation_3
GGGACAG,Species_9,Mutation_4
AGTGCCG,Species_0,Mutation_0
GGGTATA,Species_1,Mutation_1
TGCCCTC,Species_2,Mutation_2
AGAGCGG,Species_3,Mutation_3
CAAAATA,Species_4,Mutation_4
GATTTGA,Species_5,Mutation_0
CAGTAAC,Species_6,Mutation_1
ACCTCGT,Species_7,Mutation_2
GTATTAC,Species_8,Mutation_3
GCGGCTA,Species_9,Mutation_4
AGTGTGA,Species_0,Mutation_0
ATCCGTC,Species_1,Mutation_1
AAGAGTG,Species_2,Mutation_2
GGAGGGC,Species_3,Mutation_3
CTGTCAA,Species_4,Mutation_4
AAAGATA,Species_5,Mutation_0
ATCAGCG,Species_6,Mutation_1
TATGTTT,Species_7,Mutation_2
CATAGGC,Species_8,Mutation_3
TCCATCG,Species_9,Mutation_4
ATCGGGT,Species_0,Mutation_0
TCAGCTA,Species_1,Mutation_1
TGATGCC,Species_2,Mutation_2
CTTGGTG,Species_3,Mutation_3
CCTTCCG,Species_4,Mutation_4
ATGAAAC,Species_5,Mutation_0
AGGACAA,Species_6,Mutation_1
CAGCTCC,Species_7,Mutation_2
AACAATG,Species_8,Mutation_3
TATAGTT,Species_9,Mutation_4
TCCTACG,Species_0,Mutation_0
AGCAGGC,Species_1,Mutation_1
GTTCGCG,Species_2,Mutation_2
TCTCTGC,Species_3,Mutation_3
TGTTCAG,Species_4,Mutation_4
GGCTTAC,Species_5,Mutation_0
ATCCAAT,Species_6,Mutation_1
CTGCGCG,Species_7,Mutation_2
ATCAGCA,Species_8,Mutation_3
CCGGCGG,Species_9,Mutation_4
AGGCCTT,Species_0,Mutation_0
ACGCCGG,Species_1,Mutation_1
ACTCTTC,Species_2,Mutation_2
TTACGCG,Species_3,Mutation_3
CCGAACG,Species_4,Mutation_4
CCACTGC,Species_5,Mutation_0
GATCTAG,Species_6,Mutation_1
GATTTGT,Species_7,Mutation_2
TGACTAA,Species_8,Mutation_3
CCGCCCT,Species_9,Mutation_4
AACGCGC,Species_0,Mutation_0
TGGAAAC,Species_1,Mutation_1
CATTACA,Species_2,Mutation_2
GGCAATG,Species_3,Mutation_3
AACTTTG,Species_4,Mutation_4
CCGTAGA,Species_5,Mutation_0
GCTCGGC,Species_6,Mutation_1
TATTAAT,Species_7,Mutation_2
ACAGACT,Species_8,Mutation_3
GATAGTT,Species_9,Mutation_4
CAGCTTC,Species_0,Mutation_0
CATGGAT,Species_1,Mutation_1
ACTAGTT,Species_2,Mutation_2
TCAACGA,Species_3,Mutation_3
GATCAGG,Species_4,Mutation_4
CGATGGT,Species_5,Mutation_0
CAGGGGG,Species_6,Mutation_1
GCTATAA,Species_7,Mutation_2
ACATAAT,Species_8,Mutation_3
TATTCGT,Species_9,Mutation_4
TAGCGCT,Species_0,Mutation_0
AGTTGGG,Species_1,Mutation_1
CGCGTAC,Species_2,Mutation_2
TATATCT,Species_3,Mutation_3
TATCGCA,Species_4,Mutation_4
CCGACTA,Species_5,Mutation_0
TTCATTT,Species_6,Mutation_1
TAAATTG,Species_7,Mutation_2
ATCCGCA,Species_8,Mutation_3
TGATCTG,Species_9,Mutation_4
GATCGTC,Species_0,Mutation_0
CGAGTTT,Species_1,Mutation_1
AAAAATC,Species_2,Mutation_2
CAGCCGG,Species_3,Mutation_3
TCTTTCT,Species_4,Mutation_4
ACGCTTA,Species_5,Mutation_0
TAGTGCC,Species_6,Mutation_1
GAATCGA,Species_7,Mutation_2
TAGGTTT,Species_8,Mutation_3
TTAGAGG,Species_9,Mutation_4
TCTCACC,Species_0,Mutation_0
CATAGGT,Species_1,Mutation_1
CGAGAGC,Species_2,Mutation_2
AGGATCC,Species_3,Mutation_3
GTGGGAC,Species_4,Mutation_4
TCACTCT,Species_5,Mutation_0
CTGTACT,Species_6,Mutation_1
TTAGCCC,Species_7,Mutation_2
GGCTAGT,Species_8,Mutation_3
GTAAAAC,Species_9,Mutation_4
CGGGGGG,Species_0,Mutation_0
CTCGTTG,Species_1,Mutation_1
CATGATC,Species_2,Mutation_2
TGTGCGG,Species_3,Mutation_3
AACACAG,Species_4,Mutation_4
TCTCGGA,Species_5,Mutation_0
GCGGACA,Species_6,Mutation_1
AGGTGAA,Species_7,Mutation_2
GTCGACG,Species_8,Mutation_3
TTGCGCA,Species_9,Mutation_4
TTGACTT,Species_0,Mutation_0
CGAAGCG,Species_1,Mutation_1
TACGCAA,Species_2,Mutation_2
GCTGACG,Species_3,Mutation_3
TACGTGT,Species_4,Mutation_4
GGCCCAA,Species_5,Mutation_0
CCGAAAA,Species_6,Mutation_1
CAAGTTG,Species_7,Mutation_2
TATCTCG,Species_8,Mutation_3
CAGAAGA,Species_9,Mutation_4
CGGCTGG,Species_0,Mutation_0
CCGCTTT,Species_1,Mutation_1
CGGTTTG,Species_2,Mutation_2
AGGGGTC,Species_3,Mutation_3
AGTGGGA,Species_4,Mutation_4
GCACTGT,Species_5,Mutation_0
TCGCTTG,Species_6,Mutation_1
CGGGACG,Species_7,Mutation_2
CTTACTT,Species_8,Mutation_3
GTGATTA,Species_9,Mutation_4
CAGGGTA,Species_0,Mutation_0
GGCGGTG,Species_1,Mutation_1
GTTCGCT,Species_2,Mutation_2
GAACTAT,Species_3,Mutation_3
GGGATAA,Species_4,Mutation_4
GGTTATT,Species_5,Mutation_0
GACAATA,Species_6,Mutation_1
ACTTCGT,Species_7,Mutation_2
ACGTGCG,Species_8,Mutation_3
TGACGGT,Species_9,Mutation_4
TTACTCC,Species_0,Mutation_0
GTTAACC,Species_1,Mutation_1
CACCGAG,Species_2,Mutation_2
TATGCTT,Species_3,Mutation_3
CCTCAAT,Species_4,Mutation_4
GAATAGG,Species_5,Mutation_0
CACTCCG,Species_6,Mutation_1
CGGCCGA,Species_7,Mutation_2
AGCGGGA,Species_8,Mutation_3
AATAGCA,Species_9,Mutation_4
GTAGACG,Species_0,Mutation_0
ATCATCA,Species_1,Mutation_1
TACCGGT,Species_2,Mutation_2
GGCTTTG,Species_3,Mutation_3
TTGAGTC,Species_4,Mutation_4
TTGTTTA,Species_5,Mutation_0
TTATCAC,Species_6,Mutation_1
GAATCTG,Species_7,Mutation_2
GCAGTAC,Species_8,Mutation_3
GGGATGA,Species_9,Mutation_4
ACCATCT,Species_0,Mutation_0
CGAATTC,Species_1,Mutation_1
AAAAACC,Species_2,Mutation_2
AGAACAA,Species_3,Mutation_3
TGTGACA,Species_4,Mutation_4
CTGGAGT,Species_5,Mutation_0
ACAGAGG,Species_6,Mutation_1
TACTGCA,Species_7,Mutation_2
CTTTAAC,Species_8,Mutation_3
TAGTCCT,Species_9,Mutation_4
